source,target
Napoleon,Myriel
Myriel,MlleBaptistine
Myriel,MlleBaptistine
Myriel,MlleBaptistine
Myriel,MlleBaptistine
Myriel,MlleBaptistine
Myriel,MlleBaptistine
Myriel,MlleBaptistine
Myriel,MlleBaptistine
Myriel,MmeMagloire
Myriel,MmeMagloire
Myriel,MmeMagloire
Myriel,MmeMagloire
Myriel,MmeMagloire
Myriel,MmeMagloire
Myriel,MmeMagloire
Myriel,MmeMagloire
Myriel,MmeMagloire
Myriel,MmeMagloire
Myriel,CountessDeLo
Myriel,Geborand
Myriel,Champtercier
Myriel,Cravatte
Myriel,Count
Myriel,Count
Myriel,OldMan
Myriel,Valjean
Myriel,Valjean
Myriel,Valjean
Myriel,Valjean
Myriel,Valjean
MlleBaptistine,MmeMagloire
MlleBaptistine,MmeMagloire
MlleBaptistine,MmeMagloire
MlleBaptistine,MmeMagloire
MlleBaptistine,MmeMagloire
MlleBaptistine,MmeMagloire
MlleBaptistine,Valjean
MlleBaptistine,Valjean
MlleBaptistine,Valjean
MmeMagloire,Valjean
MmeMagloire,Valjean
MmeMagloire,Valjean
Valjean,Labarre
Valjean,Marguerite
Valjean,MmeDeR
Valjean,Isabeau
Valjean,Gervais
Valjean,Fantine
Valjean,Fantine
Valjean,Fantine
Valjean,Fantine
Valjean,Fantine
Valjean,Fantine
Valjean,Fantine
Valjean,Fantine
Valjean,Fantine
Valjean,MmeThenardier
Valjean,MmeThenardier
Valjean,MmeThenardier
Valjean,MmeThenardier
Valjean,MmeThenardier
Valjean,MmeThenardier
Valjean,MmeThenardier
Valjean,Thenardier
Valjean,Thenardier
Valjean,Thenardier
Valjean,Thenardier
Valjean,Thenardier
Valjean,Thenardier
Valjean,Thenardier
Valjean,Thenardier
Valjean,Thenardier
Valjean,Thenardier
Valjean,Thenardier
Valjean,Thenardier
Valjean,Cosette
Valjean,Cosette
Valjean,Cosette
Valjean,Cosette
Valjean,Cosette
Valjean,Cosette
Valjean,Cosette
Valjean,Cosette
Valjean,Cosette
Valjean,Cosette
Valjean,Cosette
Valjean,Cosette
Valjean,Cosette
Valjean,Cosette
Valjean,Cosette
Valjean,Cosette
Valjean,Cosette
Valjean,Cosette
Valjean,Cosette
Valjean,Cosette
Valjean,Cosette
Valjean,Cosette
Valjean,Cosette
Valjean,Cosette
Valjean,Cosette
Valjean,Cosette
Valjean,Cosette
Valjean,Cosette
Valjean,Cosette
Valjean,Cosette
Valjean,Cosette
Valjean,Javert
Valjean,Javert
Valjean,Javert
Valjean,Javert
Valjean,Javert
Valjean,Javert
Valjean,Javert
Valjean,Javert
Valjean,Javert
Valjean,Javert
Valjean,Javert
Valjean,Javert
Valjean,Javert
Valjean,Javert
Valjean,Javert
Valjean,Javert
Valjean,Javert
Valjean,Fauchelevent
Valjean,Fauchelevent
Valjean,Fauchelevent
Valjean,Fauchelevent
Valjean,Fauchelevent
Valjean,Fauchelevent
Valjean,Fauchelevent
Valjean,Fauchelevent
Valjean,Bamatabois
Valjean,Bamatabois
Valjean,Simplice
Valjean,Simplice
Valjean,Simplice
Valjean,Scaufflaire
Valjean,Woman1
Valjean,Woman1
Valjean,Judge
Valjean,Judge
Valjean,Judge
Valjean,Champmathieu
Valjean,Champmathieu
Valjean,Champmathieu
Valjean,Brevet
Valjean,Brevet
Valjean,Chenildieu
Valjean,Chenildieu
Valjean,Cochepaille
Valjean,Cochepaille
Valjean,Woman2
Valjean,Woman2
Valjean,Woman2
Valjean,MotherInnocent
Valjean,Gavroche
Valjean,Gillenormand
Valjean,Gillenormand
Valjean,MlleGillenormand
Valjean,MlleGillenormand
Valjean,Marius
Valjean,Marius
Valjean,Marius
Valjean,Marius
Valjean,Marius
Valjean,Marius
Valjean,Marius
Valjean,Marius
Valjean,Marius
Valjean,Marius
Valjean,Marius
Valjean,Marius
Valjean,Marius
Valjean,Marius
Valjean,Marius
Valjean,Marius
Valjean,Marius
Valjean,Marius
Valjean,Marius
Valjean,Enjolras
Valjean,Enjolras
Valjean,Enjolras
Valjean,Enjolras
Valjean,Bossuet
Valjean,Gueulemer
Valjean,Babet
Valjean,Claquesous
Valjean,Montparnasse
Valjean,Toussaint
Marguerite,Fantine
Marguerite,Fantine
Listolier,Tholomyes
Listolier,Tholomyes
Listolier,Tholomyes
Listolier,Tholomyes
Listolier,Fameuil
Listolier,Fameuil
Listolier,Fameuil
Listolier,Fameuil
Listolier,Blacheville
Listolier,Blacheville
Listolier,Blacheville
Listolier,Blacheville
Listolier,Favourite
Listolier,Favourite
Listolier,Favourite
Listolier,Dahlia
Listolier,Dahlia
Listolier,Dahlia
Listolier,Zephine
Listolier,Zephine
Listolier,Zephine
Listolier,Fantine
Listolier,Fantine
Listolier,Fantine
Tholomyes,Fameuil
Tholomyes,Fameuil
Tholomyes,Fameuil
Tholomyes,Fameuil
Tholomyes,Blacheville
Tholomyes,Blacheville
Tholomyes,Blacheville
Tholomyes,Blacheville
Tholomyes,Favourite
Tholomyes,Favourite
Tholomyes,Favourite
Tholomyes,Dahlia
Tholomyes,Dahlia
Tholomyes,Dahlia
Tholomyes,Zephine
Tholomyes,Zephine
Tholomyes,Zephine
Tholomyes,Fantine
Tholomyes,Fantine
Tholomyes,Fantine
Tholomyes,Cosette
Tholomyes,Marius
Fameuil,Blacheville
Fameuil,Blacheville
Fameuil,Blacheville
Fameuil,Blacheville
Fameuil,Favourite
Fameuil,Favourite
Fameuil,Favourite
Fameuil,Dahlia
Fameuil,Dahlia
Fameuil,Dahlia
Fameuil,Zephine
Fameuil,Zephine
Fameuil,Zephine
Fameuil,Fantine
Fameuil,Fantine
Fameuil,Fantine
Blacheville,Favourite
Blacheville,Favourite
Blacheville,Favourite
Blacheville,Favourite
Blacheville,Dahlia
Blacheville,Dahlia
Blacheville,Dahlia
Blacheville,Zephine
Blacheville,Zephine
Blacheville,Zephine
Blacheville,Fantine
Blacheville,Fantine
Blacheville,Fantine
Favourite,Dahlia
Favourite,Dahlia
Favourite,Dahlia
Favourite,Dahlia
Favourite,Dahlia
Favourite,Zephine
Favourite,Zephine
Favourite,Zephine
Favourite,Zephine
Favourite,Fantine
Favourite,Fantine
Favourite,Fantine
Favourite,Fantine
Dahlia,Zephine
Dahlia,Zephine
Dahlia,Zephine
Dahlia,Zephine
Dahlia,Fantine
Dahlia,Fantine
Dahlia,Fantine
Dahlia,Fantine
Zephine,Fantine
Zephine,Fantine
Zephine,Fantine
Zephine,Fantine
Fantine,MmeThenardier
Fantine,MmeThenardier
Fantine,Thenardier
Fantine,Javert
Fantine,Javert
Fantine,Javert
Fantine,Javert
Fantine,Javert
Fantine,Bamatabois
Fantine,Perpetue
Fantine,Simplice
Fantine,Simplice
MmeThenardier,Thenardier
MmeThenardier,Thenardier
MmeThenardier,Thenardier
MmeThenardier,Thenardier
MmeThenardier,Thenardier
MmeThenardier,Thenardier
MmeThenardier,Thenardier
MmeThenardier,Thenardier
MmeThenardier,Thenardier
MmeThenardier,Thenardier
MmeThenardier,Thenardier
MmeThenardier,Thenardier
MmeThenardier,Thenardier
MmeThenardier,Cosette
MmeThenardier,Cosette
MmeThenardier,Cosette
MmeThenardier,Cosette
MmeThenardier,Javert
MmeThenardier,Eponine
MmeThenardier,Eponine
MmeThenardier,Anzelma
MmeThenardier,Magnon
MmeThenardier,Gueulemer
MmeThenardier,Babet
MmeThenardier,Claquesous
Thenardier,Cosette
Thenardier,Javert
Thenardier,Javert
Thenardier,Javert
Thenardier,Javert
Thenardier,Javert
Thenardier,Pontmercy
Thenardier,Boulatruelle
Thenardier,Eponine
Thenardier,Eponine
Thenardier,Eponine
Thenardier,Anzelma
Thenardier,Anzelma
Thenardier,Gavroche
Thenardier,Marius
Thenardier,Marius
Thenardier,Gueulemer
Thenardier,Gueulemer
Thenardier,Gueulemer
Thenardier,Gueulemer
Thenardier,Gueulemer
Thenardier,Babet
Thenardier,Babet
Thenardier,Babet
Thenardier,Babet
Thenardier,Babet
Thenardier,Babet
Thenardier,Claquesous
Thenardier,Claquesous
Thenardier,Claquesous
Thenardier,Claquesous
Thenardier,Montparnasse
Thenardier,Brujon
Thenardier,Brujon
Thenardier,Brujon
Cosette,Javert
Cosette,Woman2
Cosette,Gillenormand
Cosette,Gillenormand
Cosette,Gillenormand
Cosette,MlleGillenormand
Cosette,MlleGillenormand
Cosette,LtGillenormand
Cosette,Marius
Cosette,Marius
Cosette,Marius
Cosette,Marius
Cosette,Marius
Cosette,Marius
Cosette,Marius
Cosette,Marius
Cosette,Marius
Cosette,Marius
Cosette,Marius
Cosette,Marius
Cosette,Marius
Cosette,Marius
Cosette,Marius
Cosette,Marius
Cosette,Marius
Cosette,Marius
Cosette,Marius
Cosette,Marius
Cosette,Marius
Cosette,Toussaint
Cosette,Toussaint
Javert,Fauchelevent
Javert,Bamatabois
Javert,Simplice
Javert,Woman1
Javert,Woman2
Javert,Gavroche
Javert,Enjolras
Javert,Enjolras
Javert,Enjolras
Javert,Enjolras
Javert,Enjolras
Javert,Enjolras
Javert,Gueulemer
Javert,Babet
Javert,Babet
Javert,Claquesous
Javert,Montparnasse
Javert,Toussaint
Fauchelevent,MotherInnocent
Fauchelevent,MotherInnocent
Fauchelevent,MotherInnocent
Fauchelevent,Gribier
Fauchelevent,Gribier
Bamatabois,Judge
Bamatabois,Judge
Bamatabois,Champmathieu
Bamatabois,Champmathieu
Bamatabois,Brevet
Bamatabois,Chenildieu
Bamatabois,Cochepaille
Perpetue,Simplice
Perpetue,Simplice
Judge,Champmathieu
Judge,Champmathieu
Judge,Champmathieu
Judge,Brevet
Judge,Brevet
Judge,Chenildieu
Judge,Chenildieu
Judge,Cochepaille
Judge,Cochepaille
Champmathieu,Brevet
Champmathieu,Brevet
Champmathieu,Chenildieu
Champmathieu,Chenildieu
Champmathieu,Cochepaille
Champmathieu,Cochepaille
Brevet,Chenildieu
Brevet,Chenildieu
Brevet,Cochepaille
Brevet,Cochepaille
Chenildieu,Cochepaille
Chenildieu,Cochepaille
Pontmercy,MmePontmercy
Pontmercy,Marius
Eponine,Anzelma
Eponine,Anzelma
Eponine,Marius
Eponine,Marius
Eponine,Marius
Eponine,Marius
Eponine,Marius
Eponine,Mabeuf
Eponine,Courfeyrac
Eponine,Gueulemer
Eponine,Babet
Eponine,Claquesous
Eponine,Montparnasse
Eponine,Brujon
MmeBurgon,Jondrette
MmeBurgon,Gavroche
MmeBurgon,Gavroche
Gavroche,Marius
Gavroche,Marius
Gavroche,Marius
Gavroche,Marius
Gavroche,Mabeuf
Gavroche,Enjolras
Gavroche,Enjolras
Gavroche,Enjolras
Gavroche,Enjolras
Gavroche,Enjolras
Gavroche,Enjolras
Gavroche,Enjolras
Gavroche,Combeferre
Gavroche,Combeferre
Gavroche,Combeferre
Gavroche,Combeferre
Gavroche,Combeferre
Gavroche,Combeferre
Gavroche,Prouvaire
Gavroche,Feuilly
Gavroche,Feuilly
Gavroche,Courfeyrac
Gavroche,Courfeyrac
Gavroche,Courfeyrac
Gavroche,Courfeyrac
Gavroche,Courfeyrac
Gavroche,Courfeyrac
Gavroche,Courfeyrac
Gavroche,Bahorel
Gavroche,Bahorel
Gavroche,Bahorel
Gavroche,Bahorel
Gavroche,Bahorel
Gavroche,Bossuet
Gavroche,Bossuet
Gavroche,Bossuet
Gavroche,Bossuet
Gavroche,Bossuet
Gavroche,Joly
Gavroche,Joly
Gavroche,Joly
Gavroche,Grantaire
Gavroche,Gueulemer
Gavroche,Babet
Gavroche,Montparnasse
Gavroche,Child1
Gavroche,Child1
Gavroche,Child2
Gavroche,Child2
Gavroche,Brujon
Gavroche,MmeHucheloup
Gillenormand,Magnon
Gillenormand,MlleGillenormand
Gillenormand,MlleGillenormand
Gillenormand,MlleGillenormand
Gillenormand,MlleGillenormand
Gillenormand,MlleGillenormand
Gillenormand,MlleGillenormand
Gillenormand,MlleGillenormand
Gillenormand,MlleGillenormand
Gillenormand,MlleGillenormand
Gillenormand,LtGillenormand
Gillenormand,Marius
Gillenormand,Marius
Gillenormand,Marius
Gillenormand,Marius
Gillenormand,Marius
Gillenormand,Marius
Gillenormand,Marius
Gillenormand,Marius
Gillenormand,Marius
Gillenormand,Marius
Gillenormand,Marius
Gillenormand,Marius
Gillenormand,BaronessT
MlleGillenormand,MmePontmercy
MlleGillenormand,MlleVaubois
MlleGillenormand,LtGillenormand
MlleGillenormand,LtGillenormand
MlleGillenormand,Marius
MlleGillenormand,Marius
MlleGillenormand,Marius
MlleGillenormand,Marius
MlleGillenormand,Marius
MlleGillenormand,Marius
LtGillenormand,Marius
Marius,BaronessT
Marius,Mabeuf
Marius,Enjolras
Marius,Enjolras
Marius,Enjolras
Marius,Enjolras
Marius,Enjolras
Marius,Enjolras
Marius,Enjolras
Marius,Combeferre
Marius,Combeferre
Marius,Combeferre
Marius,Combeferre
Marius,Combeferre
Marius,Feuilly
Marius,Courfeyrac
Marius,Courfeyrac
Marius,Courfeyrac
Marius,Courfeyrac
Marius,Courfeyrac
Marius,Courfeyrac
Marius,Courfeyrac
Marius,Courfeyrac
Marius,Courfeyrac
Marius,Bahorel
Marius,Bossuet
Marius,Bossuet
Marius,Bossuet
Marius,Bossuet
Marius,Bossuet
Marius,Joly
Marius,Joly
Mabeuf,Enjolras
Mabeuf,Combeferre
Mabeuf,Combeferre
Mabeuf,Feuilly
Mabeuf,Courfeyrac
Mabeuf,Courfeyrac
Mabeuf,Bahorel
Mabeuf,Bahorel
Mabeuf,Bossuet
Mabeuf,Joly
Mabeuf,MotherPlutarch
Mabeuf,MotherPlutarch
Mabeuf,MotherPlutarch
Enjolras,Combeferre
Enjolras,Combeferre
Enjolras,Combeferre
Enjolras,Combeferre
Enjolras,Combeferre
Enjolras,Combeferre
Enjolras,Combeferre
Enjolras,Combeferre
Enjolras,Combeferre
Enjolras,Combeferre
Enjolras,Combeferre
Enjolras,Combeferre
Enjolras,Combeferre
Enjolras,Combeferre
Enjolras,Combeferre
Enjolras,Prouvaire
Enjolras,Prouvaire
Enjolras,Prouvaire
Enjolras,Prouvaire
Enjolras,Feuilly
Enjolras,Feuilly
Enjolras,Feuilly
Enjolras,Feuilly
Enjolras,Feuilly
Enjolras,Feuilly
Enjolras,Courfeyrac
Enjolras,Courfeyrac
Enjolras,Courfeyrac
Enjolras,Courfeyrac
Enjolras,Courfeyrac
Enjolras,Courfeyrac
Enjolras,Courfeyrac
Enjolras,Courfeyrac
Enjolras,Courfeyrac
Enjolras,Courfeyrac
Enjolras,Courfeyrac
Enjolras,Courfeyrac
Enjolras,Courfeyrac
Enjolras,Courfeyrac
Enjolras,Courfeyrac
Enjolras,Courfeyrac
Enjolras,Courfeyrac
Enjolras,Bahorel
Enjolras,Bahorel
Enjolras,Bahorel
Enjolras,Bahorel
Enjolras,Bossuet
Enjolras,Bossuet
Enjolras,Bossuet
Enjolras,Bossuet
Enjolras,Bossuet
Enjolras,Bossuet
Enjolras,Bossuet
Enjolras,Bossuet
Enjolras,Bossuet
Enjolras,Bossuet
Enjolras,Joly
Enjolras,Joly
Enjolras,Joly
Enjolras,Joly
Enjolras,Joly
Enjolras,Grantaire
Enjolras,Grantaire
Enjolras,Grantaire
Enjolras,Claquesous
Enjolras,MmeHucheloup
Combeferre,Prouvaire
Combeferre,Prouvaire
Combeferre,Feuilly
Combeferre,Feuilly
Combeferre,Feuilly
Combeferre,Feuilly
Combeferre,Feuilly
Combeferre,Courfeyrac
Combeferre,Courfeyrac
Combeferre,Courfeyrac
Combeferre,Courfeyrac
Combeferre,Courfeyrac
Combeferre,Courfeyrac
Combeferre,Courfeyrac
Combeferre,Courfeyrac
Combeferre,Courfeyrac
Combeferre,Courfeyrac
Combeferre,Courfeyrac
Combeferre,Courfeyrac
Combeferre,Courfeyrac
Combeferre,Bahorel
Combeferre,Bahorel
Combeferre,Bahorel
Combeferre,Bahorel
Combeferre,Bahorel
Combeferre,Bossuet
Combeferre,Bossuet
Combeferre,Bossuet
Combeferre,Bossuet
Combeferre,Bossuet
Combeferre,Bossuet
Combeferre,Bossuet
Combeferre,Bossuet
Combeferre,Bossuet
Combeferre,Joly
Combeferre,Joly
Combeferre,Joly
Combeferre,Joly
Combeferre,Joly
Combeferre,Grantaire
Prouvaire,Feuilly
Prouvaire,Feuilly
Prouvaire,Courfeyrac
Prouvaire,Courfeyrac
Prouvaire,Courfeyrac
Prouvaire,Bahorel
Prouvaire,Bahorel
Prouvaire,Bossuet
Prouvaire,Bossuet
Prouvaire,Joly
Prouvaire,Joly
Prouvaire,Grantaire
Feuilly,Courfeyrac
Feuilly,Courfeyrac
Feuilly,Courfeyrac
Feuilly,Courfeyrac
Feuilly,Courfeyrac
Feuilly,Courfeyrac
Feuilly,Bahorel
Feuilly,Bahorel
Feuilly,Bahorel
Feuilly,Bossuet
Feuilly,Bossuet
Feuilly,Bossuet
Feuilly,Bossuet
Feuilly,Bossuet
Feuilly,Bossuet
Feuilly,Joly
Feuilly,Joly
Feuilly,Joly
Feuilly,Joly
Feuilly,Joly
Feuilly,Grantaire
Courfeyrac,Bahorel
Courfeyrac,Bahorel
Courfeyrac,Bahorel
Courfeyrac,Bahorel
Courfeyrac,Bahorel
Courfeyrac,Bahorel
Courfeyrac,Bossuet
Courfeyrac,Bossuet
Courfeyrac,Bossuet
Courfeyrac,Bossuet
Courfeyrac,Bossuet
Courfeyrac,Bossuet
Courfeyrac,Bossuet
Courfeyrac,Bossuet
Courfeyrac,Bossuet
Courfeyrac,Bossuet
Courfeyrac,Bossuet
Courfeyrac,Bossuet
Courfeyrac,Joly
Courfeyrac,Joly
Courfeyrac,Joly
Courfeyrac,Joly
Courfeyrac,Joly
Courfeyrac,Grantaire
Courfeyrac,Grantaire
Courfeyrac,MmeHucheloup
Bahorel,Bossuet
Bahorel,Bossuet
Bahorel,Bossuet
Bahorel,Bossuet
Bahorel,Joly
Bahorel,Joly
Bahorel,Joly
Bahorel,Joly
Bahorel,Joly
Bahorel,Grantaire
Bahorel,MmeHucheloup
Bossuet,Joly
Bossuet,Joly
Bossuet,Joly
Bossuet,Joly
Bossuet,Joly
Bossuet,Joly
Bossuet,Joly
Bossuet,Grantaire
Bossuet,Grantaire
Bossuet,Grantaire
Bossuet,MmeHucheloup
Joly,Grantaire
Joly,Grantaire
Joly,MmeHucheloup
Grantaire,MmeHucheloup
Gueulemer,Babet
Gueulemer,Babet
Gueulemer,Babet
Gueulemer,Babet
Gueulemer,Babet
Gueulemer,Babet
Gueulemer,Claquesous
Gueulemer,Claquesous
Gueulemer,Claquesous
Gueulemer,Claquesous
Gueulemer,Montparnasse
Gueulemer,Montparnasse
Gueulemer,Brujon
Gueulemer,Brujon
Gueulemer,Brujon
Babet,Claquesous
Babet,Claquesous
Babet,Claquesous
Babet,Claquesous
Babet,Montparnasse
Babet,Montparnasse
Babet,Brujon
Babet,Brujon
Babet,Brujon
Claquesous,Montparnasse
Claquesous,Montparnasse
Claquesous,Brujon
Montparnasse,Brujon
Child1,Child2
Child1,Child2
Child1,Child2
